{
    "oslo": [
        [
            10.656900281,
            59.8805,
            10.8701,
            59.97000325
        ],
        [
            10.77,
            59.828,
            10.85,
            59.8805
        ]
    ],
    "moss": [
        [
            10.61,
            59.405,
            10.7,
            59.458
        ],
        [
            10.648,
            59.35505,
            10.77,
            59.405
        ]
    ],
    "stavanger": [
        [
            5.665,
            58.945,
            5.77,
            59.0
        ],
        [
            5.7048,
            58.9,
            5.759,
            58.945
        ]
    ],
    "trondheim": [
        [
            10.27,
            63.3205,
            10.5201,
            63.4525
        ]
    ],
    "bergen": [
        [
            5.23,
            60.26,
            5.4,
            60.4
        ],
        [
            5.275,
            60.43,
            5.41,
            60.49
        ]
    ],
    "tromsø": [
        [
            18.9,
            69.627,
            19.05,
            69.715
        ]
    ],
    "fredrikstad": [
        [
            10.85,
            59.18,
            11.22,
            59.35
        ]
    ]
}